"InvoiceLineId";"InvoiceId";"TrackId";"UnitPrice";"Quantity"
13;4;42;0.99;1
14;4;48;0.99;1
15;4;54;0.99;1
16;4;60;0.99;1
19;4;78;0.99;1
20;4;84;0.99;1
21;4;90;0.99;1
22;5;99;0.99;1
23;5;108;0.99;1
24;5;117;0.99;1
25;5;126;0.99;1
26;5;135;0.99;1
27;5;144;0.99;1
28;5;153;0.99;1
29;5;162;0.99;1
30;5;171;0.99;1
31;5;180;0.99;1
32;5;189;0.99;1
33;5;198;0.99;1
35;5;216;0.99;1
39;8;234;0.99;1
40;8;236;0.99;1
42;9;240;0.99;1
56;11;304;0.99;1
74;13;462;0.99;1
75;14;463;0.99;1
76;14;464;0.99;1
77;15;466;0.99;1
78;15;468;0.99;1
79;16;470;0.99;1
80;16;472;0.99;1
81;16;474;0.99;1
82;16;476;0.99;1
83;17;480;0.99;1
84;17;484;0.99;1
85;17;488;0.99;1
86;17;492;0.99;1
87;17;496;0.99;1
88;17;500;0.99;1
90;18;512;0.99;1
91;18;518;0.99;1
92;18;524;0.99;1
96;18;548;0.99;1
97;18;554;0.99;1
99;19;572;0.99;1
100;19;581;0.99;1
101;19;590;0.99;1
102;19;599;0.99;1
103;19;608;0.99;1
104;19;617;0.99;1
105;19;626;0.99;1
106;19;635;0.99;1
107;19;644;0.99;1
111;19;680;0.99;1
112;20;694;0.99;1
113;21;695;0.99;1
114;21;696;0.99;1
115;22;698;0.99;1
116;22;700;0.99;1
117;23;702;0.99;1
118;23;704;0.99;1
119;23;706;0.99;1
120;23;708;0.99;1
136;26;795;0.99;1
137;26;804;0.99;1
138;26;813;0.99;1
139;26;822;0.99;1
140;26;831;0.99;1
141;26;840;0.99;1
142;26;849;0.99;1
143;26;858;0.99;1
145;26;876;0.99;1
147;26;894;0.99;1
148;26;903;0.99;1
149;26;912;0.99;1
150;27;926;0.99;1
159;31;944;0.99;1
160;31;948;0.99;1
161;31;952;0.99;1
162;31;956;0.99;1
163;31;960;0.99;1
164;31;964;0.99;1
165;32;970;0.99;1
166;32;976;0.99;1
167;32;982;0.99;1
168;32;988;0.99;1
169;32;994;0.99;1
170;32;1000;0.99;1
171;32;1006;0.99;1
172;32;1012;0.99;1
173;32;1018;0.99;1
174;33;1027;0.99;1
175;33;1036;0.99;1
176;33;1045;0.99;1
177;33;1054;0.99;1
178;33;1063;0.99;1
179;33;1072;0.99;1
181;33;1090;0.99;1
182;33;1099;0.99;1
183;33;1108;0.99;1
185;33;1126;0.99;1
191;36;1162;0.99;1
192;36;1164;0.99;1
193;37;1166;0.99;1
194;37;1168;0.99;1
195;37;1170;0.99;1
196;37;1172;0.99;1
197;38;1176;0.99;1
198;38;1180;0.99;1
199;38;1184;0.99;1
200;38;1188;0.99;1
201;38;1192;0.99;1
202;38;1196;0.99;1
203;39;1202;0.99;1
204;39;1208;0.99;1
205;39;1214;0.99;1
206;39;1220;0.99;1
207;39;1226;0.99;1
208;39;1232;0.99;1
209;39;1238;0.99;1
210;39;1244;0.99;1
211;39;1250;0.99;1
227;42;1391;0.99;1
228;42;1392;0.99;1
229;43;1394;0.99;1
230;43;1396;0.99;1
231;44;1398;0.99;1
232;44;1400;0.99;1
233;44;1402;0.99;1
234;44;1404;0.99;1
235;45;1408;0.99;1
236;45;1412;0.99;1
237;45;1416;0.99;1
238;45;1420;0.99;1
239;45;1424;0.99;1
240;45;1428;0.99;1
250;47;1491;0.99;1
251;47;1500;0.99;1
252;47;1509;0.99;1
253;47;1518;0.99;1
257;47;1554;0.99;1
258;47;1563;0.99;1
259;47;1572;0.99;1
260;47;1581;0.99;1
261;47;1590;0.99;1
262;47;1599;0.99;1
263;47;1608;0.99;1
264;48;1622;0.99;1
265;49;1623;0.99;1
266;49;1624;0.99;1
267;50;1626;0.99;1
268;50;1628;0.99;1
291;54;1750;0.99;1
292;54;1759;0.99;1
294;54;1777;0.99;1
295;54;1786;0.99;1
296;54;1795;0.99;1
297;54;1804;0.99;1
298;54;1813;0.99;1
299;54;1822;0.99;1
300;54;1831;0.99;1
301;54;1840;0.99;1
311;59;1872;0.99;1
312;59;1876;0.99;1
313;59;1880;0.99;1
314;59;1884;0.99;1
315;59;1888;0.99;1
316;59;1892;0.99;1
317;60;1898;0.99;1
318;60;1904;0.99;1
319;60;1910;0.99;1
321;60;1922;0.99;1
322;60;1928;0.99;1
323;60;1934;0.99;1
324;60;1940;0.99;1
330;61;1991;0.99;1
331;61;2000;0.99;1
332;61;2009;0.99;1
339;61;2072;0.99;1
340;62;2086;0.99;1
341;63;2087;0.99;1
342;63;2088;0.99;1
345;65;2094;0.99;1
346;65;2096;0.99;1
347;65;2098;0.99;1
348;65;2100;0.99;1
349;66;2104;0.99;1
350;66;2108;0.99;1
351;66;2112;0.99;1
352;66;2116;0.99;1
353;66;2120;0.99;1
354;66;2124;0.99;1
378;69;2318;0.99;1
379;70;2319;0.99;1
380;70;2320;0.99;1
381;71;2322;0.99;1
382;71;2324;0.99;1
383;72;2326;0.99;1
384;72;2328;0.99;1
385;72;2330;0.99;1
386;72;2332;0.99;1
393;74;2362;0.99;1
394;74;2368;0.99;1
395;74;2374;0.99;1
396;74;2380;0.99;1
397;74;2386;0.99;1
398;74;2392;0.99;1
399;74;2398;0.99;1
400;74;2404;0.99;1
401;74;2410;0.99;1
431;81;2594;0.99;1
432;81;2600;0.99;1
433;81;2606;0.99;1
434;81;2612;0.99;1
435;81;2618;0.99;1
436;81;2624;0.99;1
437;81;2630;0.99;1
438;81;2636;0.99;1
439;81;2642;0.99;1
440;82;2651;0.99;1
441;82;2660;0.99;1
442;82;2669;0.99;1
443;82;2678;0.99;1
444;82;2687;0.99;1
445;82;2696;0.99;1
446;82;2705;0.99;1
447;82;2714;0.99;1
448;82;2723;0.99;1
449;82;2732;0.99;1
450;82;2741;0.99;1
451;82;2750;0.99;1
468;87;2820;1.99;1
469;88;2826;1.99;1
470;88;2832;1.99;1
471;88;2838;1.99;1
472;88;2844;1.99;1
473;88;2850;1.99;1
474;88;2856;1.99;1
475;88;2862;1.99;1
476;88;2868;1.99;1
477;88;2874;1.99;1
492;90;3014;0.99;1
493;91;3015;0.99;1
494;91;3016;0.99;1
495;92;3018;0.99;1
496;92;3020;0.99;1
497;93;3022;0.99;1
498;93;3024;0.99;1
499;93;3026;0.99;1
500;93;3028;0.99;1
501;94;3032;0.99;1
502;94;3036;0.99;1
503;94;3040;0.99;1
504;94;3044;0.99;1
505;94;3048;0.99;1
506;94;3052;0.99;1
530;97;3246;1.99;1
545;102;3290;0.99;1
546;102;3296;0.99;1
547;102;3302;0.99;1
548;102;3308;0.99;1
549;102;3314;0.99;1
550;102;3320;0.99;1
551;102;3326;0.99;1
552;102;3332;0.99;1
553;102;3338;1.99;1
554;103;3347;1.99;1
555;103;3356;0.99;1
556;103;3365;0.99;1
557;103;3374;0.99;1
558;103;3383;0.99;1
559;103;3392;0.99;1
560;103;3401;0.99;1
561;103;3410;0.99;1
563;103;3428;1.99;1
564;103;3437;0.99;1
565;103;3446;0.99;1
566;103;3455;0.99;1
567;103;3464;0.99;1
569;105;3479;0.99;1
571;106;3482;0.99;1
572;106;3484;0.99;1
573;107;3486;0.99;1
574;107;3488;0.99;1
575;107;3490;0.99;1
576;107;3492;0.99;1
578;108;3500;0.99;1
579;108;1;0.99;1
580;108;5;0.99;1
581;108;9;0.99;1
582;108;13;0.99;1
583;109;19;0.99;1
584;109;25;0.99;1
585;109;31;0.99;1
586;109;37;0.99;1
587;109;43;0.99;1
588;109;49;0.99;1
589;109;55;0.99;1
590;109;61;0.99;1
607;112;208;0.99;1
608;112;209;0.99;1
609;113;211;0.99;1
610;113;213;0.99;1
611;114;215;0.99;1
613;114;219;0.99;1
616;115;229;0.99;1
618;115;237;0.99;1
619;115;241;0.99;1
630;117;308;0.99;1
634;117;344;0.99;1
635;117;353;0.99;1
636;117;362;0.99;1
637;117;371;0.99;1
642;117;416;0.99;1
643;117;425;0.99;1
644;118;439;0.99;1
647;120;443;0.99;1
648;120;445;0.99;1
669;124;549;0.99;1
670;124;558;0.99;1
672;124;576;0.99;1
674;124;594;0.99;1
675;124;603;0.99;1
676;124;612;0.99;1
677;124;621;0.99;1
678;124;630;0.99;1
679;124;639;0.99;1
687;128;679;0.99;1
688;128;681;0.99;1
689;128;683;0.99;1
690;128;685;0.99;1
691;129;689;0.99;1
692;129;693;0.99;1
693;129;697;0.99;1
694;129;701;0.99;1
695;129;705;0.99;1
696;129;709;0.99;1
706;131;772;0.99;1
707;131;781;0.99;1
708;131;790;0.99;1
709;131;799;0.99;1
710;131;808;0.99;1
711;131;817;0.99;1
712;131;826;0.99;1
713;131;835;0.99;1
714;131;844;0.99;1
715;131;853;0.99;1
716;131;862;0.99;1
717;131;871;0.99;1
721;133;904;0.99;1
722;133;905;0.99;1
723;134;907;0.99;1
724;134;909;0.99;1
725;135;911;0.99;1
726;135;913;0.99;1
727;135;915;0.99;1
728;135;917;0.99;1
729;136;921;0.99;1
730;136;925;0.99;1
731;136;929;0.99;1
732;136;933;0.99;1
733;136;937;0.99;1
734;136;941;0.99;1
735;137;947;0.99;1
736;137;953;0.99;1
737;137;959;0.99;1
738;137;965;0.99;1
739;137;971;0.99;1
740;137;977;0.99;1
741;137;983;0.99;1
742;137;989;0.99;1
743;137;995;0.99;1
760;140;1137;0.99;1
761;141;1139;0.99;1
762;141;1141;0.99;1
782;145;1236;0.99;1
783;145;1245;0.99;1
784;145;1254;0.99;1
785;145;1263;0.99;1
786;145;1272;0.99;1
787;145;1281;0.99;1
788;145;1290;0.99;1
789;145;1299;0.99;1
790;145;1308;0.99;1
791;145;1317;0.99;1
792;145;1326;0.99;1
793;145;1335;0.99;1
794;145;1344;0.99;1
795;145;1353;0.99;1
796;146;1367;0.99;1
797;147;1368;0.99;1
798;147;1369;0.99;1
799;148;1371;0.99;1
800;148;1373;0.99;1
805;150;1385;0.99;1
806;150;1389;0.99;1
807;150;1393;0.99;1
808;150;1397;0.99;1
809;150;1401;0.99;1
810;150;1405;0.99;1
820;152;1468;0.99;1
821;152;1477;0.99;1
822;152;1486;0.99;1
823;152;1495;0.99;1
824;152;1504;0.99;1
825;152;1513;0.99;1
826;152;1522;0.99;1
827;152;1531;0.99;1
829;152;1549;0.99;1
830;152;1558;0.99;1
831;152;1567;0.99;1
832;152;1576;0.99;1
833;152;1585;0.99;1
839;156;1607;0.99;1
840;156;1609;0.99;1
841;156;1611;0.99;1
842;156;1613;0.99;1
843;157;1617;0.99;1
844;157;1621;0.99;1
845;157;1625;0.99;1
846;157;1629;0.99;1
847;157;1633;0.99;1
848;157;1637;0.99;1
849;158;1643;0.99;1
850;158;1649;0.99;1
851;158;1655;0.99;1
852;158;1661;0.99;1
853;158;1667;0.99;1
859;159;1709;0.99;1
863;159;1745;0.99;1
864;159;1754;0.99;1
865;159;1763;0.99;1
866;159;1772;0.99;1
867;159;1781;0.99;1
868;159;1790;0.99;1
869;159;1799;0.99;1
870;159;1808;0.99;1
871;159;1817;0.99;1
872;160;1831;0.99;1
873;161;1832;0.99;1
874;161;1833;0.99;1
877;163;1839;0.99;1
878;163;1841;0.99;1
879;163;1843;0.99;1
880;163;1845;0.99;1
912;168;2065;0.99;1
913;169;2067;0.99;1
914;169;2069;0.99;1
915;170;2071;0.99;1
916;170;2073;0.99;1
917;170;2075;0.99;1
925;172;2107;0.99;1
926;172;2113;0.99;1
927;172;2119;0.99;1
928;172;2125;0.99;1
929;172;2131;0.99;1
930;172;2137;0.99;1
931;172;2143;0.99;1
932;172;2149;0.99;1
933;172;2155;0.99;1
957;178;2313;0.99;1
958;178;2317;0.99;1
959;178;2321;0.99;1
960;178;2325;0.99;1
961;178;2329;0.99;1
962;178;2333;0.99;1
964;179;2345;0.99;1
965;179;2351;0.99;1
966;179;2357;0.99;1
967;179;2363;0.99;1
968;179;2369;0.99;1
969;179;2375;0.99;1
970;179;2381;0.99;1
971;179;2387;0.99;1
972;180;2396;0.99;1
973;180;2405;0.99;1
974;180;2414;0.99;1
975;180;2423;0.99;1
976;180;2432;0.99;1
977;180;2441;0.99;1
979;180;2459;0.99;1
981;180;2477;0.99;1
982;180;2486;0.99;1
983;180;2495;0.99;1
984;180;2504;0.99;1
985;180;2513;0.99;1
986;181;2527;0.99;1
989;183;2531;0.99;1
990;183;2533;0.99;1
991;184;2535;0.99;1
992;184;2537;0.99;1
993;184;2539;0.99;1
994;184;2541;0.99;1
995;185;2545;0.99;1
996;185;2549;0.99;1
997;185;2553;0.99;1
998;185;2557;0.99;1
999;185;2561;0.99;1
1000;185;2565;0.99;1
1001;186;2571;0.99;1
1002;186;2577;0.99;1
1003;186;2583;0.99;1
1004;186;2589;0.99;1
1005;186;2595;0.99;1
1006;186;2601;0.99;1
1007;186;2607;0.99;1
1008;186;2613;0.99;1
1009;186;2619;0.99;1
1027;190;2763;0.99;1
1031;191;2771;0.99;1
1048;194;2860;1.99;1
1049;194;2869;1.99;1
1050;194;2878;1.99;1
1051;194;2887;1.99;1
1052;194;2896;1.99;1
1053;194;2905;1.99;1
1054;194;2914;1.99;1
1055;194;2923;1.99;1
1056;194;2932;0.99;1
1057;194;2941;0.99;1
1058;194;2950;0.99;1
1059;194;2959;0.99;1
1060;194;2968;0.99;1
1061;194;2977;0.99;1
1077;200;3035;0.99;1
1078;200;3041;0.99;1
1079;200;3047;0.99;1
1080;200;3053;0.99;1
1081;200;3059;0.99;1
1082;200;3065;0.99;1
1083;200;3071;0.99;1
1084;200;3077;0.99;1
1085;200;3083;0.99;1
1086;201;3092;0.99;1
1087;201;3101;0.99;1
1088;201;3110;0.99;1
1091;201;3137;0.99;1
1093;201;3155;0.99;1
1094;201;3164;0.99;1
1095;201;3173;1.99;1
1096;201;3182;1.99;1
1097;201;3191;1.99;1
1098;201;3200;1.99;1
1099;201;3209;1.99;1
1100;202;3223;1.99;1
1101;203;3224;1.99;1
1102;203;3225;0.99;1
1103;204;3227;1.99;1
1104;204;3229;1.99;1
1109;206;3241;1.99;1
1110;206;3245;1.99;1
1111;206;3249;1.99;1
1112;206;3253;0.99;1
1113;206;3257;0.99;1
1114;206;3261;0.99;1
1115;207;3267;0.99;1
1116;207;3273;0.99;1
1117;207;3279;0.99;1
1118;207;3285;0.99;1
1119;207;3291;0.99;1
1120;207;3297;0.99;1
1121;207;3303;0.99;1
1122;207;3309;0.99;1
1123;207;3315;0.99;1
1138;209;3455;0.99;1
1139;210;3456;0.99;1
1140;210;3457;0.99;1
1141;211;3459;0.99;1
1142;211;3461;0.99;1
1143;212;3463;0.99;1
1144;212;3465;0.99;1
1145;212;3467;0.99;1
1146;212;3469;0.99;1
1147;213;3473;0.99;1
1148;213;3477;0.99;1
1149;213;3481;0.99;1
1152;213;3493;0.99;1
1153;214;3499;0.99;1
1154;214;2;0.99;1
1155;214;8;0.99;1
1156;214;14;0.99;1
1157;214;20;0.99;1
1158;214;26;0.99;1
1159;214;32;0.99;1
1160;214;38;0.99;1
1161;214;44;0.99;1
1162;215;53;0.99;1
1163;215;62;0.99;1
1165;215;80;0.99;1
1166;215;89;0.99;1
1167;215;98;0.99;1
1168;215;107;0.99;1
1169;215;116;0.99;1
1170;215;125;0.99;1
1171;215;134;0.99;1
1172;215;143;0.99;1
1173;215;152;0.99;1
1174;215;161;0.99;1
1175;215;170;0.99;1
1177;217;185;0.99;1
1178;217;186;0.99;1
1179;218;188;0.99;1
1180;218;190;0.99;1
1202;222;303;0.99;1
1206;222;339;0.99;1
1207;222;348;0.99;1
1208;222;357;0.99;1
1209;222;366;0.99;1
1210;222;375;0.99;1
1219;226;424;0.99;1
1220;226;426;0.99;1
1221;226;428;0.99;1
1222;226;430;0.99;1
1238;229;517;0.99;1
1239;229;526;0.99;1
1241;229;544;0.99;1
1242;229;553;0.99;1
1244;229;571;0.99;1
1245;229;580;0.99;1
1246;229;589;0.99;1
1247;229;598;0.99;1
1248;229;607;0.99;1
1249;229;616;0.99;1
1250;229;625;0.99;1
1251;229;634;0.99;1
1262;234;670;0.99;1
1264;234;678;0.99;1
1265;234;682;0.99;1
1266;234;686;0.99;1
1267;235;692;0.99;1
1268;235;698;0.99;1
1269;235;704;0.99;1
1270;235;710;0.99;1
1297;240;892;0.99;1
1298;240;894;0.99;1
1314;243;981;0.99;1
1315;243;990;0.99;1
1316;243;999;0.99;1
1317;243;1008;0.99;1
1318;243;1017;0.99;1
1319;243;1026;0.99;1
1320;243;1035;0.99;1
1321;243;1044;0.99;1
1322;243;1053;0.99;1
1324;243;1071;0.99;1
1326;243;1089;0.99;1
1327;243;1098;0.99;1
1328;244;1112;0.99;1
1329;245;1113;0.99;1
1337;248;1130;0.99;1
1338;248;1134;0.99;1
1339;248;1138;0.99;1
1340;248;1142;0.99;1
1341;248;1146;0.99;1
1342;248;1150;0.99;1
1343;249;1156;0.99;1
1344;249;1162;0.99;1
1345;249;1168;0.99;1
1346;249;1174;0.99;1
1347;249;1180;0.99;1
1348;249;1186;0.99;1
1349;249;1192;0.99;1
1350;249;1198;0.99;1
1351;249;1204;0.99;1
1352;250;1213;0.99;1
1353;250;1222;0.99;1
1354;250;1231;0.99;1
1355;250;1240;0.99;1
1356;250;1249;0.99;1
1357;250;1258;0.99;1
1358;250;1267;0.99;1
1359;250;1276;0.99;1
1360;250;1285;0.99;1
1361;250;1294;0.99;1
1362;250;1303;0.99;1
1363;250;1312;0.99;1
1364;250;1321;0.99;1
1365;250;1330;0.99;1
1371;254;1352;0.99;1
1372;254;1354;0.99;1
1373;254;1356;0.99;1
1374;254;1358;0.99;1
1375;255;1362;0.99;1
1376;255;1366;0.99;1
1377;255;1370;0.99;1
1378;255;1374;0.99;1
1379;255;1378;0.99;1
1380;255;1382;0.99;1
1381;256;1388;0.99;1
1382;256;1394;0.99;1
1383;256;1400;0.99;1
1384;256;1406;0.99;1
1385;256;1412;0.99;1
1386;256;1418;0.99;1
1387;256;1424;0.99;1
1388;256;1430;0.99;1
1389;256;1436;0.99;1
1404;258;1576;0.99;1
1407;260;1580;0.99;1
1408;260;1582;0.99;1
1409;261;1584;0.99;1
1410;261;1586;0.99;1
1411;261;1588;0.99;1
1412;261;1590;0.99;1
1413;262;1594;0.99;1
1414;262;1598;0.99;1
1415;262;1602;0.99;1
1416;262;1606;0.99;1
1417;262;1610;0.99;1
1418;262;1614;0.99;1
1442;265;1808;0.99;1
1443;266;1809;0.99;1
1444;266;1810;0.99;1
1445;267;1812;0.99;1
1446;267;1814;0.99;1
1447;268;1816;0.99;1
1448;268;1818;0.99;1
1449;268;1820;0.99;1
1450;268;1822;0.99;1
1457;270;1852;0.99;1
1458;270;1858;0.99;1
1459;270;1864;0.99;1
1460;270;1870;0.99;1
1461;270;1876;0.99;1
1462;270;1882;0.99;1
1463;270;1888;0.99;1
1464;270;1894;0.99;1
1465;270;1900;0.99;1
1466;271;1909;0.99;1
1469;271;1936;0.99;1
1475;271;1990;0.99;1
1476;271;1999;0.99;1
1477;271;2008;0.99;1
1492;276;2070;0.99;1
1493;276;2074;0.99;1
1495;277;2084;0.99;1
1496;277;2090;0.99;1
1497;277;2096;0.99;1
1498;277;2102;0.99;1
1499;277;2108;0.99;1
1500;277;2114;0.99;1
1501;277;2120;0.99;1
1502;277;2126;0.99;1
1503;277;2132;0.99;1
1504;278;2141;0.99;1
1505;278;2150;0.99;1
1506;278;2159;0.99;1
1507;278;2168;0.99;1
1508;278;2177;0.99;1
1509;278;2186;0.99;1
1510;278;2195;0.99;1
1511;278;2204;0.99;1
1512;278;2213;0.99;1
1513;278;2222;0.99;1
1514;278;2231;0.99;1
1517;278;2258;0.99;1
1521;281;2276;0.99;1
1522;281;2278;0.99;1
1527;283;2290;0.99;1
1528;283;2294;0.99;1
1529;283;2298;0.99;1
1530;283;2302;0.99;1
1531;283;2306;0.99;1
1532;283;2310;0.99;1
1533;284;2316;0.99;1
1534;284;2322;0.99;1
1535;284;2328;0.99;1
1538;284;2346;0.99;1
1540;284;2358;0.99;1
1541;284;2364;0.99;1
1556;286;2504;0.99;1
1557;287;2505;0.99;1
1558;287;2506;0.99;1
1559;288;2508;0.99;1
1560;288;2510;0.99;1
1561;289;2512;0.99;1
1562;289;2514;0.99;1
1563;289;2516;0.99;1
1564;289;2518;0.99;1
1565;290;2522;0.99;1
1566;290;2526;0.99;1
1567;290;2530;0.99;1
1568;290;2534;0.99;1
1569;290;2538;0.99;1
1570;290;2542;0.99;1
1580;292;2605;0.99;1
1581;292;2614;0.99;1
1582;292;2623;0.99;1
1583;292;2632;0.99;1
1584;292;2641;0.99;1
1585;292;2650;0.99;1
1586;292;2659;0.99;1
1587;292;2668;0.99;1
1588;292;2677;0.99;1
1589;292;2686;0.99;1
1590;292;2695;0.99;1
1591;292;2704;0.99;1
1592;292;2713;0.99;1
1593;292;2722;0.99;1
1609;298;2780;0.99;1
1616;298;2822;1.99;1
1617;298;2828;1.99;1
1618;299;2837;1.99;1
1619;299;2846;1.99;1
1620;299;2855;1.99;1
1621;299;2864;1.99;1
1622;299;2873;1.99;1
1623;299;2882;1.99;1
1624;299;2891;1.99;1
1626;299;2909;1.99;1
1627;299;2918;1.99;1
1628;299;2927;0.99;1
1629;299;2936;0.99;1
1630;299;2945;0.99;1
1631;299;2954;0.99;1
1632;300;2968;0.99;1
1633;301;2969;0.99;1
1634;301;2970;0.99;1
1635;302;2972;0.99;1
1636;302;2974;0.99;1
1647;305;3012;0.99;1
1648;305;3018;0.99;1
1649;305;3024;0.99;1
1650;305;3030;0.99;1
1651;305;3036;0.99;1
1652;305;3042;0.99;1
1653;305;3048;0.99;1
1654;305;3054;0.99;1
1655;305;3060;0.99;1
1670;307;3200;1.99;1
1671;308;3201;1.99;1
1672;308;3202;1.99;1
1673;309;3204;1.99;1
1674;309;3206;1.99;1
1675;310;3208;1.99;1
1676;310;3210;1.99;1
1677;310;3212;1.99;1
1678;310;3214;1.99;1
1679;311;3218;1.99;1
1680;311;3222;1.99;1
1681;311;3226;1.99;1
1682;311;3230;1.99;1
1683;311;3234;1.99;1
1684;311;3238;1.99;1
1694;313;3301;0.99;1
1695;313;3310;0.99;1
1696;313;3319;0.99;1
1697;313;3328;0.99;1
1698;313;3337;1.99;1
1699;313;3346;1.99;1
1700;313;3355;0.99;1
1701;313;3364;1.99;1
1702;313;3373;0.99;1
1703;313;3382;0.99;1
1704;313;3391;0.99;1
1705;313;3400;0.99;1
1708;314;3432;0.99;1
1709;315;3433;0.99;1
1732;320;30;0.99;1
1733;320;39;0.99;1
1734;320;48;0.99;1
1735;320;57;0.99;1
1738;320;84;0.99;1
1739;320;93;0.99;1
1740;320;102;0.99;1
1741;320;111;0.99;1
1742;320;120;0.99;1
1743;320;129;0.99;1
1744;320;138;0.99;1
1745;320;147;0.99;1
1749;323;165;0.99;1
1750;323;167;0.99;1
1751;324;169;0.99;1
1752;324;171;0.99;1
1753;324;173;0.99;1
1754;324;175;0.99;1
1762;326;211;0.99;1
1764;326;223;0.99;1
1765;326;229;0.99;1
1767;326;241;0.99;1
1793;332;411;0.99;1
1794;332;415;0.99;1
1795;332;419;0.99;1
1796;332;423;0.99;1
1797;332;427;0.99;1
1798;332;431;0.99;1
1799;333;437;0.99;1
1800;333;443;0.99;1
1801;333;449;0.99;1
1802;333;455;0.99;1
1803;333;461;0.99;1
1804;333;467;0.99;1
1805;333;473;0.99;1
1806;333;479;0.99;1
1807;333;485;0.99;1
1808;334;494;0.99;1
1810;334;512;0.99;1
1811;334;521;0.99;1
1814;334;548;0.99;1
1815;334;557;0.99;1
1816;334;566;0.99;1
1817;334;575;0.99;1
1818;334;584;0.99;1
1819;334;593;0.99;1
1820;334;602;0.99;1
1821;334;611;0.99;1
1822;335;625;0.99;1
1823;336;626;0.99;1
1824;336;627;0.99;1
1827;338;633;0.99;1
1828;338;635;0.99;1
1829;338;637;0.99;1
1830;338;639;0.99;1
1849;341;753;0.99;1
1850;341;762;0.99;1
1851;341;771;0.99;1
1852;341;780;0.99;1
1853;341;789;0.99;1
1854;341;798;0.99;1
1855;341;807;0.99;1
1856;341;816;0.99;1
1857;341;825;0.99;1
1858;341;834;0.99;1
1859;341;843;0.99;1
1861;343;858;0.99;1
1862;343;859;0.99;1
1869;346;875;0.99;1
1873;346;891;0.99;1
1874;346;895;0.99;1
1875;347;901;0.99;1
1876;347;907;0.99;1
1877;347;913;0.99;1
1878;347;919;0.99;1
1879;347;925;0.99;1
1880;347;931;0.99;1
1881;347;937;0.99;1
1882;347;943;0.99;1
1883;347;949;0.99;1
1901;351;1093;0.99;1
1902;351;1095;0.99;1
1904;352;1099;0.99;1
1905;352;1101;0.99;1
1907;353;1107;0.99;1
1908;353;1111;0.99;1
1909;353;1115;0.99;1
1910;353;1119;0.99;1
1911;353;1123;0.99;1
1912;353;1127;0.99;1
1914;354;1139;0.99;1
1915;354;1145;0.99;1
1916;354;1151;0.99;1
1917;354;1157;0.99;1
1918;354;1163;0.99;1
1919;354;1169;0.99;1
1920;354;1175;0.99;1
1921;354;1181;0.99;1
1939;358;1325;0.99;1
1940;358;1327;0.99;1
1941;359;1329;0.99;1
1942;359;1331;0.99;1
1943;359;1333;0.99;1
1944;359;1335;0.99;1
1945;360;1339;0.99;1
1946;360;1343;0.99;1
1947;360;1347;0.99;1
1948;360;1351;0.99;1
1949;360;1355;0.99;1
1950;360;1359;0.99;1
1960;362;1422;0.99;1
1961;362;1431;0.99;1
1962;362;1440;0.99;1
1963;362;1449;0.99;1
1964;362;1458;0.99;1
1965;362;1467;0.99;1
1966;362;1476;0.99;1
1967;362;1485;0.99;1
1968;362;1494;0.99;1
1969;362;1503;0.99;1
1971;362;1521;0.99;1
1972;362;1530;0.99;1
1974;363;1553;0.99;1
1975;364;1554;0.99;1
1976;364;1555;0.99;1
1977;365;1557;0.99;1
1978;365;1559;0.99;1
1979;366;1561;0.99;1
1980;366;1563;0.99;1
1981;366;1565;0.99;1
1982;366;1567;0.99;1
1989;368;1597;0.99;1
1990;368;1603;0.99;1
1991;368;1609;0.99;1
1992;368;1615;0.99;1
1993;368;1621;0.99;1
1994;368;1627;0.99;1
1995;368;1633;0.99;1
1996;368;1639;0.99;1
1997;368;1645;0.99;1
1998;369;1654;0.99;1
1999;369;1663;0.99;1
2004;369;1708;0.99;1
2009;369;1753;0.99;1
2010;369;1762;0.99;1
2011;369;1771;0.99;1
2021;374;1803;0.99;1
2022;374;1807;0.99;1
2023;374;1811;0.99;1
2024;374;1815;0.99;1
2025;374;1819;0.99;1
2026;374;1823;0.99;1
2027;375;1829;0.99;1
2028;375;1835;0.99;1
2029;375;1841;0.99;1
2030;375;1847;0.99;1
2031;375;1853;0.99;1
2032;375;1859;0.99;1
2033;375;1865;0.99;1
2034;375;1871;0.99;1
2035;375;1877;0.99;1
2036;376;1886;0.99;1
2037;376;1895;0.99;1
2038;376;1904;0.99;1
2039;376;1913;0.99;1
2040;376;1922;0.99;1
2041;376;1931;0.99;1
2042;376;1940;0.99;1
2048;376;1994;0.99;1
2049;376;2003;0.99;1
2059;381;2035;0.99;1
2060;381;2039;0.99;1
2061;381;2043;0.99;1
2092;386;2255;0.99;1
2093;387;2257;0.99;1
2094;387;2259;0.99;1
2095;387;2261;0.99;1
2096;387;2263;0.99;1
2097;388;2267;0.99;1
2098;388;2271;0.99;1
2099;388;2275;0.99;1
2100;388;2279;0.99;1
2101;388;2283;0.99;1
2102;388;2287;0.99;1
2103;389;2293;0.99;1
2104;389;2299;0.99;1
2105;389;2305;0.99;1
2106;389;2311;0.99;1
2107;389;2317;0.99;1
2108;389;2323;0.99;1
2109;389;2329;0.99;1
2112;390;2350;0.99;1
2113;390;2359;0.99;1
2114;390;2368;0.99;1
2115;390;2377;0.99;1
2116;390;2386;0.99;1
2117;390;2395;0.99;1
2118;390;2404;0.99;1
2119;390;2413;0.99;1
2120;390;2422;0.99;1
2121;390;2431;0.99;1
2122;390;2440;0.99;1
2124;390;2458;0.99;1
2141;396;2525;0.99;1
2142;396;2531;0.99;1
2143;396;2537;0.99;1
2144;396;2543;0.99;1
2145;396;2549;0.99;1
2146;396;2555;0.99;1
2147;396;2561;0.99;1
2148;396;2567;0.99;1
2149;396;2573;0.99;1
2150;397;2582;0.99;1
2151;397;2591;0.99;1
2152;397;2600;0.99;1
2153;397;2609;0.99;1
2154;397;2618;0.99;1
2155;397;2627;0.99;1
2156;397;2636;0.99;1
2157;397;2645;0.99;1
2158;397;2654;0.99;1
2159;397;2663;0.99;1
2160;397;2672;0.99;1
2161;397;2681;0.99;1
2162;397;2690;0.99;1
2163;397;2699;0.99;1
2164;398;2713;0.99;1
2165;399;2714;0.99;1
2166;399;2715;0.99;1
2169;401;2721;0.99;1
2170;401;2723;0.99;1
2171;401;2725;0.99;1
2172;401;2727;0.99;1
2202;405;2945;0.99;1
2203;406;2946;0.99;1
2204;406;2947;0.99;1
2205;407;2949;0.99;1
2206;407;2951;0.99;1
2207;408;2953;0.99;1
2208;408;2955;0.99;1
2209;408;2957;0.99;1
2210;408;2959;0.99;1
2211;409;2963;0.99;1
2212;409;2967;0.99;1
2213;409;2971;0.99;1
2214;409;2975;0.99;1
2215;409;2979;0.99;1
2216;409;2983;0.99;1
2240;412;3177;1.99;1
